NAME,variable
Tele,LÚCIO
Dark,LÚCIO
Aspen,LÚCIO
ƁEAR,LÚCIO
Esteem,LÚCIO
Seegulls,LÚCIO
MommyMercy,LÚCIO
Rulra,LÚCIO
Sunshine,LÚCIO
Knxght,LÚCIO
Darkrai,LÚCIO
LaMachine136,LÚCIO
ayt,LÚCIO
SavageQuill,LÚCIO
Renegade,LÚCIO
ØA7,LÚCIO
Bmfolk511,LÚCIO
LameColors,LÚCIO
TDiddy1432,LÚCIO
Kolander,LÚCIO
Kantz,LÚCIO
IcyGeLo,LÚCIO
Kissland2013,LÚCIO
yGllGllP,LÚCIO
REAPER,LÚCIO
FatherInLaw,LÚCIO
Fireball1207,LÚCIO
Gandalf,LÚCIO
Lucky,LÚCIO
thriftshop66,LÚCIO
MonkeyLover1,LÚCIO
Solace,LÚCIO
Noah,LÚCIO
Mesjasz,WIDOWMAKER
GrakE24,WIDOWMAKER
WoLF,WIDOWMAKER
laxant3,WIDOWMAKER
zexot,WIDOWMAKER
Crabus,WIDOWMAKER
fiendish,WIDOWMAKER
ProdAngelo,WIDOWMAKER
Naeris,WIDOWMAKER
manually,WIDOWMAKER
ØWRülë34GøD,WIDOWMAKER
chlorine,WIDOWMAKER
FEAR,WIDOWMAKER
PaulMiller,WIDOWMAKER
Violeto,WIDOWMAKER
Marionette,WIDOWMAKER
fafalure,WIDOWMAKER
Kiotake,WIDOWMAKER
Flaccid,WIDOWMAKER
MagicGnome,WIDOWMAKER
Kate,WIDOWMAKER
CrystalGirl,WIDOWMAKER
BruceWayne,WIDOWMAKER
MƗKO,WIDOWMAKER
NotWidow,WIDOWMAKER
kawaiioil,WIDOWMAKER
Maliboujee,WIDOWMAKER
Mesjasz,ZENYATTA
bame,ZENYATTA
uzixko,ZENYATTA
ƁEAR,ZENYATTA
Kleinebeer,ZENYATTA
Cri,ZENYATTA
L41D,ZENYATTA
Nickst3r,ZENYATTA
Silvoc,ZENYATTA
Daltoosh66,ZENYATTA
ManchaeLover,ZENYATTA
FrozenButter,ZENYATTA
MommyMercy,ZENYATTA
DiegoAZ,ZENYATTA
Generic,ZENYATTA
Macedo,ZENYATTA
joshgach,ZENYATTA
Aizza,ZENYATTA
Flaccid,ZENYATTA
zyKii,ZENYATTA
K24kai06,ZENYATTA
Saxx,ZENYATTA
SavageQuill,ZENYATTA
ØA7,ZENYATTA
julesbeams,ZENYATTA
EmeraldOwl,ZENYATTA
Turtlemanbob,ZENYATTA
Lastnameboss,ZENYATTA
Alex15can,ZENYATTA
SheeshManess,ZENYATTA
Sean,ZENYATTA
SoggyRatTrea,ZENYATTA
Nut,ZENYATTA
yoshi04cgn04,ZENYATTA
OneUWshUHad,ZENYATTA
Phantom,ZENYATTA
Latenci,SOJOURN
xLuCy,SOJOURN
Barbazul,SOJOURN
Papi,SOJOURN
Musaiz333,SOJOURN
zexot,SOJOURN
Crabus,SOJOURN
Cosmic,SOJOURN
Scarface,SOJOURN
Cruvax,SOJOURN
andreaspet,SOJOURN
SteeVurkel,SOJOURN
のあ,SOJOURN
Metro,SOJOURN
hatmouse,SOJOURN
icedancer,SOJOURN
CarryPotter,SOJOURN
TrippyHippy,SOJOURN
FR2NCH,SOJOURN
Daddy,SOJOURN
Waspd123,SOJOURN
Clkwrkkng,SOJOURN
angelvolado,SOJOURN
tony,SOJOURN
BT160611,SOJOURN
tako,SOJOURN
VM1R,SOJOURN
Bomber,SOJOURN
Askrel,SOJOURN
n0rth,SOJOURN
xDeadbolt323,SOJOURN
Seraph,SOJOURN
JGooz,SOJOURN
Sanji,SOJOURN
zend,SOJOURN
MUMMY,SOJOURN
Gloku,SOJOURN
XxpandaxX,SOJOURN
Sivieon,SOJOURN
GritznGravy,SOJOURN
SparkLoaded,SOJOURN
Washed,SOJOURN
ryno,SOJOURN
StevoMali3,SOJOURN
Demo,SOJOURN
Turtlemanbob,SOJOURN
lewdom,SOJOURN
Morrison,SOJOURN
thadeli,SOJOURN
Plax,SOJOURN
BootySnatcha,SOJOURN
Alejan,SOJOURN
Somebody945,MAUGA
ttvichiritis,MEI
マイティ躁,MEI
ITridenteI,MEI
SqLivA,MEI
ave,MEI
RoyalDumbass,MEI
GeeGeek,MEI
Kosi,MEI
ĔŊĐĔŶŜǺŶ,MEI
Morii,MEI
lhcloudy,MEI
joshgach,MEI
ghost,MEI
Knxght,MEI
Lexaezel,MEI
FearHenry,MEI
Hølk,MEI
OutHanzoed,MEI
Morrison,MEI
CrouchyAsh,MEI
SepiaViper,MEI
Madiizzz,ZARYA
uzixko,ZARYA
Another,ZARYA
emongg,ZARYA
Him,ZARYA
StarrBoyx,ZARYA
iraDove,ZARYA
Magneto,ZARYA
Perknowitski,ZARYA
SqLivA,ZARYA
EnderBob09,ZARYA
HZKmamekun,ZARYA
Kiotake,ZARYA
Nubeey,ZARYA
Parrot,ZARYA
CHEROKEEBILL,ZARYA
Deviosity,ZARYA
Chacher,ZARYA
SIUUUUUUUUUU,ZARYA
lewdom,ZARYA
Alexis601,ZARYA
KingFelwintr,ZARYA
Blueray,ZARYA
Bigpune082,ZARYA
HarisPilton,ZARYA
なかのこうだい,BRIGITTE
USELESS,BRIGITTE
AMETHYST,BRIGITTE
tarzanDoido,BRIGITTE
Krychuu,BRIGITTE
Rhaegon,BRIGITTE
FlizzashXD,BRIGITTE
Mitsunari,BRIGITTE
Exode,BRIGITTE
Vengeance,BRIGITTE
FrozenButter,BRIGITTE
AccursedTM,BRIGITTE
ave,BRIGITTE
Onox,BRIGITTE
Cordy,BRIGITTE
Salem,BRIGITTE
GŌDŠĆÅÑBŁĒĒD,BRIGITTE
TRLUIS25,BRIGITTE
FemboyRem,BRIGITTE
DeAdSiLeNc3,BRIGITTE
Elpololoco20,BRIGITTE
Amasia,BRIGITTE
BRB,BRIGITTE
CrouchyAsh,BRIGITTE
thriftshop66,BRIGITTE
MooMoo,BRIGITTE
emeraldǃ,BRIGITTE
Bigtuna04,BRIGITTE
Solace,BRIGITTE
h4Percival,BRIGITTE
Pietjes13,HANZO
diabLew,HANZO
USELESS,HANZO
Cri,HANZO
SewerRat,HANZO
Locke,HANZO
eternal,HANZO
ItzzBigMicky,HANZO
Zonda,HANZO
Daltoosh66,HANZO
teddyson,HANZO
raz,HANZO
kairos,HANZO
Swoly,HANZO
chidori,HANZO
KingKong,HANZO
AURORA,HANZO
KILLERBEE,HANZO
Lastknight,HANZO
PGxMati,HANZO
Knightwing,HANZO
cakes,HANZO
LegoPizzaGuy,HANZO
Violeto,HANZO
Oen,HANZO
ĔŊĐĔŶŜǺŶ,HANZO
BT160611,HANZO
SwankyPants,HANZO
Mozzer2310,HANZO
Crumblybum,HANZO
Flyrka,HANZO
MUMMY,HANZO
bienpitudo,HANZO
Reformedbito,HANZO
Gronk,HANZO
Svanen,HANZO
GroßeHydra,HANZO
Demo,HANZO
BruceWayne,HANZO
Bagelmaneat,HANZO
FocaSegundo,HANZO
hiku,HANZO
SUP3RN0V4,HANZO
Blueray,HANZO
Qyncx,HANZO
YareYare,REAPER
Mickey,REAPER
J4ke,REAPER
KingKong,REAPER
僧間理亜,REAPER
reaper,REAPER
zoro,REAPER
カナリアるーと,REAPER
SwankyPants,REAPER
n0rth,REAPER
Seraph,REAPER
K24kai06,REAPER
IkkyCat,REAPER
Gloku,REAPER
Himothy,REAPER
DeAdSiLeNc3,REAPER
BajaBaddie,REAPER
Yuki,REAPER
Rehsile,REAPER
MǾŊȌĸǙMĦ,ORISA
Musaiz333,ORISA
iraDove,ORISA
Poetential,ORISA
転生したら,ORISA
hahahpants,ORISA
HappyCamprTV,ORISA
Monk,ORISA
Buenx,ORISA
LuckyCharms,ORISA
Slonio,ORISA
Kolander,ORISA
KAAOS,ORISA
Sethblake97,ORISA
yungbl00dTV,ORISA
REAPER,ORISA
LooseBussÿ,ORISA
Alexis601,ORISA
soul,ORISA
Hikari,ORISA
OneUWshUHad,ORISA
Alejan,ORISA
Superpi,ORISA
Bigpune082,ORISA
LupusRex,ORISA
Noshgosh,ILLARI
Capshion,ILLARI
Melody,ILLARI
Xeno,ILLARI
Patilios,ILLARI
JDragonX,ILLARI
zoharaimTWTR,ILLARI
FrozenButter,ILLARI
komorebi,ILLARI
FlyOver,ILLARI
Clkwrkkng,ILLARI
aleixmen,ILLARI
zoro,ILLARI
InkyK,ILLARI
mitsuki4724,ILLARI
VizzySpuds,ILLARI
CHEROKEEBILL,ILLARI
wowitszak,ILLARI
Roccolo,ILLARI
Code002,ILLARI
Ace,ILLARI
BakinGoD,ILLARI
Eternal,ILLARI
Auke,ILLARI
TheGoot,LIFEWEAVER
Daemeon,LIFEWEAVER
RuskyRat,LIFEWEAVER
Zombiechy,LIFEWEAVER
Mikleo,LIFEWEAVER
tarzanDoido,LIFEWEAVER
zoharaimTWTR,LIFEWEAVER
AURORA,LIFEWEAVER
iraDove,LIFEWEAVER
Vengeance,LIFEWEAVER
PGxMati,LIFEWEAVER
aleixmen,LIFEWEAVER
BREDUUUK,LIFEWEAVER
Greyson,LIFEWEAVER
Rhyxali,LIFEWEAVER
mitsuki4724,LIFEWEAVER
Salem,LIFEWEAVER
Tortorous,LIFEWEAVER
Khione,LIFEWEAVER
BakinGoD,LIFEWEAVER
soul,LIFEWEAVER
Elpololoco20,LIFEWEAVER
BRB,LIFEWEAVER
IMBLIND,LIFEWEAVER
DrNic23,LIFEWEAVER
h4Percival,LIFEWEAVER
Rec6ta,SYMMETRA
Naeris,SYMMETRA
CharuChanyt,SYMMETRA
participant,SYMMETRA
JGooz,SYMMETRA
OopsLB,SYMMETRA
FearHenry,SYMMETRA
Sivieon,SYMMETRA
julesbeams,SYMMETRA
Auke,SYMMETRA
Pietjes13,KIRIKO
TheGoot,KIRIKO
Mesjasz,KIRIKO
leah,KIRIKO
Absolut0f,KIRIKO
なかのこうだい,KIRIKO
Rec6ta,KIRIKO
aw0k3n,KIRIKO
星野愛,KIRIKO
Madiizzz,KIRIKO
Noshgosh,KIRIKO
Barbazul,KIRIKO
Aspen,KIRIKO
Cloud,KIRIKO
LemonBat,KIRIKO
CriM,KIRIKO
Dilokop,KIRIKO
МфйЅТЗЯ,KIRIKO
awexis,KIRIKO
Sade,KIRIKO
REVOLUTION,KIRIKO
Dewsick,KIRIKO
Mikleo,KIRIKO
andreaspet,KIRIKO
NeutralOuija,KIRIKO
L41D,KIRIKO
Nickst3r,KIRIKO
m1ndlezzz,KIRIKO
すぱこ,KIRIKO
Melody,KIRIKO
pineo,KIRIKO
Alone,KIRIKO
captainlevi,KIRIKO
ManchaeLover,KIRIKO
QrowxClover,KIRIKO
mL7,KIRIKO
quibble,KIRIKO
breakdaearth,KIRIKO
CharuChanyt,KIRIKO
Fami,KIRIKO
Gaaellee,KIRIKO
RohBro,KIRIKO
euphoria,KIRIKO
Awenicks,KIRIKO
Siege,KIRIKO
Esteem,KIRIKO
Babeingrave,KIRIKO
komorebi,KIRIKO
AccursedTM,KIRIKO
ThoSta77,KIRIKO
lIgrizzolyIl,KIRIKO
excett,KIRIKO
Waspd123,KIRIKO
PGxMati,KIRIKO
UNCLESHREK,KIRIKO
MachInFive,KIRIKO
Generic,KIRIKO
cakes,KIRIKO
widowKraizz,KIRIKO
involvation,KIRIKO
smoleggo,KIRIKO
BREDUUUK,KIRIKO
msjessicaur,KIRIKO
InkyK,KIRIKO
Ribosome,KIRIKO
chicken,KIRIKO
charin,KIRIKO
Josh,KIRIKO
Vectruss,KIRIKO
PuroPODER,KIRIKO
Morii,KIRIKO
Askrel,KIRIKO
Sport,KIRIKO
Greyson,KIRIKO
hisoka,KIRIKO
HappyCamprTV,KIRIKO
Mozzer2310,KIRIKO
FarenDin,KIRIKO
FAKE,KIRIKO
xDeadbolt323,KIRIKO
Aizza,KIRIKO
YenJ,KIRIKO
DeadlyPants,KIRIKO
Cather,KIRIKO
Ayman,KIRIKO
Flats,KIRIKO
CHEROKEEBILL,KIRIKO
ØA7,KIRIKO
Eluusion,KIRIKO
SparkLoaded,KIRIKO
Washed,KIRIKO
TarkovChad,KIRIKO
Calyptx,KIRIKO
wowitszak,KIRIKO
cherrybxbe,KIRIKO
thelefty007,KIRIKO
FemboyRem,KIRIKO
catharaina,KIRIKO
Kantz,KIRIKO
CEOOFPEGGING,KIRIKO
アナのあな,KIRIKO
Heart,KIRIKO
Mugiwara,KIRIKO
Bagelmaneat,KIRIKO
mew,KIRIKO
NERO,KIRIKO
Elpololoco20,KIRIKO
uhmaize,KIRIKO
Turtle,KIRIKO
XL8,KIRIKO
Amasia,KIRIKO
ShadoSsin,KIRIKO
EdnasWig,KIRIKO
éopinas,KIRIKO
Nut,KIRIKO
yoshi04cgn04,KIRIKO
Ballistic,KIRIKO
xddms,KIRIKO
Rehsile,KIRIKO
Player,PHARAH
Daddy,PHARAH
D7mY,PHARAH
HZKmamekun,PHARAH
SUBAÜWÜ,PHARAH
Kizuah,PHARAH
TEVY,PHARAH
TDiddy1432,PHARAH
Hyperbolic,PHARAH
Gandalf,PHARAH
cob,PHARAH
SepiaViper,PHARAH
YareYare,RAMATTRA
TacticalTony,RAMATTRA
REVOLUTION,RAMATTRA
Poetential,RAMATTRA
Nubbz,RAMATTRA
ǁŦƕǾŦŜĿǞŶȄŖǁ,RAMATTRA
hahahpants,RAMATTRA
fafalure,RAMATTRA
Godly,RAMATTRA
zend,RAMATTRA
Calyptx,RAMATTRA
NormalTree,RAMATTRA
YoItsCN,RAMATTRA
Chica,RAMATTRA
Mewz,RAMATTRA
KingFelwintr,RAMATTRA
majdpod,RAMATTRA
yoshi04cgn04,RAMATTRA
Raiine,RAMATTRA
Hertz4k,RAMATTRA
星野愛,D.VA
uzixko,D.VA
SUSHI,D.VA
Another,D.VA
kärpässieni,D.VA
emongg,D.VA
StarrBoyx,D.VA
LǠSSI,D.VA
lIgrizzolyIl,D.VA
偽りの名アーサー,D.VA
転生したら,D.VA
val,D.VA
ryuǃ,D.VA
Flaccid,D.VA
zend,D.VA
North,D.VA
SparkLoaded,D.VA
cherrybxbe,D.VA
TEVY,D.VA
GroßeHydra,D.VA
Sethblake97,D.VA
JmoneyTooRaw,D.VA
Mewz,D.VA
Pookie,D.VA
Hxntai,D.VA
yGllGllP,D.VA
milk,D.VA
xmanteboss,D.VA
BajaBaddie,D.VA
BubblySoap,D.VA
HANNAH,D.VA
KanyeWest,D.VA
Cabbage,D.VA
majdpod,D.VA
rena,D.VA
OneUWshUHad,D.VA
oniichan,D.VA
かわいいモクロー,D.VA
Bigpune082,D.VA
DrNic23,D.VA
scorpixSHOW,CASSIDY
Latenci,CASSIDY
NiaNebulis,CASSIDY
Geist,CASSIDY
wonyoung,CASSIDY
WoLF,CASSIDY
Shinobi,CASSIDY
Papi,CASSIDY
Notrya,CASSIDY
Zeta,CASSIDY
TofuPiece,CASSIDY
mahqzj,CASSIDY
Cri,CASSIDY
ĒmilŴick,CASSIDY
Dewsick,CASSIDY
Frito,CASSIDY
icedancer,CASSIDY
sixtaps,CASSIDY
manually,CASSIDY
Thais,CASSIDY
Smehi,CASSIDY
chidori,CASSIDY
Lycoris,CASSIDY
FR2NCH,CASSIDY
Gacy,CASSIDY
MegatroN,CASSIDY
reaper,CASSIDY
Donka,CASSIDY
LegoPizzaGuy,CASSIDY
tako,CASSIDY
sottoku,CASSIDY
ǁŦƕǾŦŜĿǞŶȄŖǁ,CASSIDY
VodKus,CASSIDY
Crumblybum,CASSIDY
Lexaezel,CASSIDY
Sanji,CASSIDY
SUBAÜWÜ,CASSIDY
bow,CASSIDY
OopsLB,CASSIDY
ChicknRoostr,CASSIDY
Nizaj,CASSIDY
Clippn,CASSIDY
CaSoLoZa,CASSIDY
Renegade,CASSIDY
MagicGnome,CASSIDY
BANG,CASSIDY
TarkovChad,CASSIDY
Brent000123,CASSIDY
Kate,CASSIDY
Sanes,CASSIDY
Wrhl,CASSIDY
BruceWayne,CASSIDY
アナのあな,CASSIDY
CHEESE,CASSIDY
Bagelmaneat,CASSIDY
hiku,CASSIDY
Lucky,CASSIDY
Qyncx,CASSIDY
HeliosUwU,CASSIDY
RapBlade,CASSIDY
Noah,CASSIDY
Mickey,ASHE
Atrandos,ASHE
xLuCy,ASHE
momo,ASHE
WoLF,ASHE
Gonzo,ASHE
porker,ASHE
TofuPiece,ASHE
quack,ASHE
mahqzj,ASHE
Jay3,ASHE
Scarface,ASHE
ChiefUNO,ASHE
andreaspet,ASHE
SteeVurkel,ASHE
のあ,ASHE
Locke,ASHE
Zonda,ASHE
hatmouse,ASHE
zerg4500,ASHE
raz,ASHE
Mitsunari,ASHE
Daddy,ASHE
Esteem,ASHE
angelvolado,ASHE
reaper,ASHE
Macedo,ASHE
Jus,ASHE
msjessicaur,ASHE
Ribosome,ASHE
Kosi,ASHE
VM1R,ASHE
カナリアるーと,ASHE
ghost,ASHE
Onox,ASHE
Kiotake,ASHE
ryuǃ,ASHE
GŌDŠĆÅÑBŁĒĒD,ASHE
ChicknRoostr,ASHE
Somebody945,ASHE
Clippn,ASHE
XxpandaxX,ASHE
CaSoLoZa,ASHE
AtlRx,ASHE
Roccolo,ASHE
baki,ASHE
Wrhl,ASHE
OutHanzoed,ASHE
CHEESE,ASHE
lewdom,ASHE
Kixaro,ASHE
mew,ASHE
Plax,ASHE
Bigtuna04,ASHE
SepiaViper,ASHE
Atrandos,SIGMA
Geist,SIGMA
xLuCy,SIGMA
Haoh,SIGMA
Vondi,SIGMA
MǾŊȌĸǙMĦ,SIGMA
SUSHI,SIGMA
porker,SIGMA
Another,SIGMA
ttvichiritis,SIGMA
Burnbero,SIGMA
emongg,SIGMA
Xeno,SIGMA
StarrBoyx,SIGMA
ƇĦÄÐ,SIGMA
RohBro,SIGMA
Elvis27903,SIGMA
Teddy,SIGMA
偽りの名アーサー,SIGMA
転生したら,SIGMA
RoboGhost,SIGMA
tony,SIGMA
HZKmamekun,SIGMA
TopGRG,SIGMA
Rhyxali,SIGMA
Snickers,SIGMA
TITAN,SIGMA
MagicGnome,SIGMA
SoundsNew,SIGMA
ryno,SIGMA
SIUUUUUUUUUU,SIGMA
Himothy,SIGMA
Hxntai,SIGMA
Alexis601,SIGMA
Mozzarella,SIGMA
MonkeyLover1,SIGMA
かわいいモクロー,SIGMA
leah,MERCY
Absolut0f,MERCY
aw0k3n,MERCY
Madiizzz,MERCY
momo,MERCY
LemonBat,MERCY
raven,MERCY
AMETHYST,MERCY
RuskyRat,MERCY
ChiefUNO,MERCY
Zombiechy,MERCY
kärpässieni,MERCY
tarzanDoido,MERCY
Naeris,MERCY
captainlevi,MERCY
Rhaegon,MERCY
Tronix,MERCY
breakdaearth,MERCY
CharuChanyt,MERCY
Fami,MERCY
Gaaellee,MERCY
euphoria,MERCY
Siege,MERCY
LǠSSI,MERCY
toki,MERCY
GreenDino,MERCY
GetGoodKid,MERCY
Babeingrave,MERCY
MommyMercy,MERCY
Rulra,MERCY
Sunshine,MERCY
aleixmen,MERCY
involvation,MERCY
smoleggo,MERCY
msjessicaur,MERCY
chicken,MERCY
Mirnina,MERCY
Marionette,MERCY
charin,MERCY
EkkoFTW,MERCY
Greyson,MERCY
hisoka,MERCY
VodKus,MERCY
Salem,MERCY
Cather,MERCY
LaMachine136,MERCY
Nubeey,MERCY
TRLUIS25,MERCY
ShinowaSan,MERCY
Annabelle,MERCY
baki,MERCY
FemboyRem,MERCY
EmeraldOwl,MERCY
catharaina,MERCY
MƗKO,MERCY
NotWidow,MERCY
Chica,MERCY
Lastnameboss,MERCY
IcyGeLo,MERCY
Heart,MERCY
Pookie,MERCY
kawaiioil,MERCY
Khione,MERCY
milk,MERCY
River,MERCY
mew,MERCY
znxvaaa,MERCY
Fireball1207,MERCY
LooseBussÿ,MERCY
BajaBaddie,MERCY
Gandalf,MERCY
uhmaize,MERCY
Sean,MERCY
XL8,MERCY
HANNAH,MERCY
EdnasWig,MERCY
majdpod,MERCY
Nut,MERCY
thriftshop66,MERCY
SUP3RN0V4,MERCY
emeraldǃ,MERCY
oniichan,MERCY
MonkeyLover1,MERCY
IMBLIND,MERCY
Toncheck,MERCY
Solace,MERCY
HarisPilton,MERCY
h4Percival,MERCY
akainu,MERCY
NoobHunter,TORBJÖRN
bame,TORBJÖRN
Frito,TORBJÖRN
Silvoc,TORBJÖRN
すぱこ,TORBJÖRN
pineo,TORBJÖRN
Daltoosh66,TORBJÖRN
participant,TORBJÖRN
Bmfolk511,TORBJÖRN
Brent000123,TORBJÖRN
tmvtmv2428,TORBJÖRN
Eric,TORBJÖRN
Mewz,TORBJÖRN
SheeshManess,TORBJÖRN
River,TORBJÖRN
JUDGEYATTA,TORBJÖRN
BRB,TORBJÖRN
bame,WRECKING BALL
USELESS,WRECKING BALL
Supp0r7,WRECKING BALL
fiendish,WRECKING BALL
Krychuu,WRECKING BALL
chlorine,WRECKING BALL
Magneto,WRECKING BALL
Perknowitski,WRECKING BALL
MegatroN,WRECKING BALL
Teddy,WRECKING BALL
Nubbz,WRECKING BALL
Kfredrum,WRECKING BALL
Chacher,WRECKING BALL
Ijin,WRECKING BALL
CrystalGirl,WRECKING BALL
YoItsCN,WRECKING BALL
uhmaize,WRECKING BALL
KanyeWest,WRECKING BALL
Blueray,WRECKING BALL
Leb,WRECKING BALL
Atrandos,REINHARDT
Player,REINHARDT
Vondi,REINHARDT
Dark,REINHARDT
Zeta,REINHARDT
fiendish,REINHARDT
Burnbero,REINHARDT
Silvoc,REINHARDT
J4ke,REINHARDT
ItzzBigMicky,REINHARDT
ƇĦÄÐ,REINHARDT
Seegulls,REINHARDT
Perknowitski,REINHARDT
Elvis27903,REINHARDT
participant,REINHARDT
Oen,REINHARDT
Chi,REINHARDT
lhcloudy,REINHARDT
TopGRG,REINHARDT
val,REINHARDT
IkkyCat,REINHARDT
North,REINHARDT
Kizuah,REINHARDT
Buenx,REINHARDT
CrystalGirl,REINHARDT
yungbl00dTV,REINHARDT
Hxntai,REINHARDT
ChaoticCendi,REINHARDT
Maliboujee,REINHARDT
LooseBussÿ,REINHARDT
Sean,REINHARDT
KingFelwintr,REINHARDT
Perogi,REINHARDT
Hikari,REINHARDT
Cabbage,REINHARDT
Mozzarella,REINHARDT
PHXRH,REINHARDT
Alejan,REINHARDT
Semaj,REINHARDT
かわいいモクロー,REINHARDT
Azemix96,REINHARDT
Lilperks,REINHARDT
HarisPilton,REINHARDT
NoobHunter,GENJI
scorpixSHOW,GENJI
memory,GENJI
leah,GENJI
GrakE24,GENJI
Player,GENJI
Tele,GENJI
wonyoung,GENJI
Gonzo,GENJI
Kleinebeer,GENJI
angelic,GENJI
Cosmic,GENJI
ProdAngelo,GENJI
ĒmilŴick,GENJI
のあ,GENJI
Locke,GENJI
eternal,GENJI
kairos,GENJI
sixtaps,GENJI
benben0724,GENJI
ぽぽコ,GENJI
Bready,GENJI
Smehi,GENJI
chidori,GENJI
Lycoris,GENJI
AURORA,GENJI
mob,GENJI
ふいりちゃん,GENJI
ITridenteI,GENJI
ave,GENJI
PaulMiller,GENJI
僧間理亜,GENJI
MegatroN,GENJI
shun,GENJI
widowKraizz,GENJI
Dimiselord,GENJI
Jus,GENJI
Chi,GENJI
BT160611,GENJI
修羅パンツ,GENJI
lhcloudy,GENJI
StatRekt,GENJI
FarenDin,GENJI
Antstein,GENJI
Knxght,GENJI
FAKE,GENJI
YenJ,GENJI
fafalure,GENJI
Ayman,GENJI
Flyrka,GENJI
MUMMY,GENJI
Nubeey,GENJI
Alangg,GENJI
TigerLilly,GENJI
Reformedbito,GENJI
Clippn,GENJI
TITAN,GENJI
Chacher,GENJI
TarkovChad,GENJI
ShinowaSan,GENJI
Sanes,GENJI
CEOOFPEGGING,GENJI
malumraw,GENJI
Kissland2013,GENJI
FatherInLaw,GENJI
FocaSegundo,GENJI
hiku,GENJI
Raiine,GENJI
Yuki,GENJI
Phantom,GENJI
Semaj,GENJI
HeliosUwU,GENJI
Azemix96,GENJI
Lilperks,GENJI
akainu,GENJI
Noah,GENJI
Gonzo,SOMBRA
laxant3,SOMBRA
Crabus,SOMBRA
Cruvax,SOMBRA
SteeVurkel,SOMBRA
Metro,SOMBRA
myyntee,SOMBRA
mob,SOMBRA
PaulMiller,SOMBRA
RoyalDumbass,SOMBRA
Knightwing,SOMBRA
EasyIce,SOMBRA
LuckyOWL,SOMBRA
Vectruss,SOMBRA
Sport,SOMBRA
ghost,SOMBRA
Crumblybum,SOMBRA
OopsLB,SOMBRA
TigerLilly,SOMBRA
CaSoLoZa,SOMBRA
cherrybxbe,SOMBRA
Ijin,SOMBRA
Eric,SOMBRA
Amasia,SOMBRA
JUDGEYATTA,SOMBRA
éopinas,SOMBRA
Toncheck,SOMBRA
ƇĦÄÐ,ROADHOG
FlizzashXD,ROADHOG
ØWRülë34GøD,ROADHOG
LǠSSI,ROADHOG
Poetential,ROADHOG
Antstein,ROADHOG
SUBAÜWÜ,ROADHOG
SoundsNew,ROADHOG
Annabelle,ROADHOG
SIUUUUUUUUUU,ROADHOG
Dawg,ROADHOG
milk,ROADHOG
Hyperbolic,ROADHOG
Maliboujee,ROADHOG
Perogi,ROADHOG
Cabbage,ROADHOG
Mozzarella,ROADHOG
BootySnatcha,ROADHOG
Phantom,ROADHOG
Lilperks,ROADHOG
NoobHunter,MOIRA
Daemeon,MOIRA
Cloud,MOIRA
raven,MOIRA
AMETHYST,MOIRA
mahqzj,MOIRA
REVOLUTION,MOIRA
Zombiechy,MOIRA
NeutralOuija,MOIRA
kärpässieni,MOIRA
captainlevi,MOIRA
benben0724,MOIRA
TrippyHippy,MOIRA
ØWRülë34GøD,MOIRA
Gaaellee,MOIRA
Exode,MOIRA
Awenicks,MOIRA
toki,MOIRA
GreenDino,MOIRA
Vengeance,MOIRA
GetGoodKid,MOIRA
AccursedTM,MOIRA
MoodyCloudz,MOIRA
Waspd123,MOIRA
MachInFive,MOIRA
RealLukiyas,MOIRA
Generic,MOIRA
involvation,MOIRA
EnderBob09,MOIRA
smoleggo,MOIRA
InkyK,MOIRA
Marionette,MOIRA
Vectruss,MOIRA
Aizza,MOIRA
DeadlyPants,MOIRA
JGooz,MOIRA
Snickers,MOIRA
Parrot,MOIRA
GritznGravy,MOIRA
Bmfolk511,MOIRA
Slonio,MOIRA
SoundsNew,MOIRA
NormalTree,MOIRA
Annabelle,MOIRA
LameColors,MOIRA
TDiddy1432,MOIRA
Svanen,MOIRA
GroßeHydra,MOIRA
NoSkill,MOIRA
tmvtmv2428,MOIRA
EmeraldOwl,MOIRA
Sethblake97,MOIRA
catharaina,MOIRA
yungbl00dTV,MOIRA
Himothy,MOIRA
Lastnameboss,MOIRA
IcyGeLo,MOIRA
Heart,MOIRA
SheeshManess,MOIRA
Pookie,MOIRA
yGllGllP,MOIRA
ChaoticCendi,MOIRA
River,MOIRA
Kndr,MOIRA
LebronneSped,MOIRA
Fireball1207,MOIRA
ShadoSsin,MOIRA
HANNAH,MOIRA
KanyeWest,MOIRA
EdnasWig,MOIRA
CrouchyAsh,MOIRA
Ballistic,MOIRA
SUP3RN0V4,MOIRA
oniichan,MOIRA
Superpi,MOIRA
FORCETRAIN,MOIRA
DrNic23,MOIRA
LupusRex,MOIRA
Latenci,TRACER
laxant3,TRACER
Papi,TRACER
CriM,TRACER
Jay3,TRACER
angelic,TRACER
Cosmic,TRACER
ProdAngelo,TRACER
icedancer,TRACER
QrowxClover,TRACER
manually,TRACER
Smehi,TRACER
Gacy,TRACER
ThoSta77,TRACER
僧間理亜,TRACER
angelvolado,TRACER
GeeGeek,TRACER
shun,TRACER
Kosi,TRACER
カナリアるーと,TRACER
Ayman,TRACER
Alangg,TRACER
Nizaj,TRACER
Gloku,TRACER
Renegade,TRACER
Sivieon,TRACER
AtlRx,TRACER
NoSkill,TRACER
tmvtmv2428,TRACER
Kantz,TRACER
OutHanzoed,TRACER
Khione,TRACER
Kixaro,TRACER
MooMoo,TRACER
Ballistic,TRACER
Semaj,TRACER
Toncheck,TRACER
RapBlade,TRACER
Vondi,WINSTON
Alone,WINSTON
Magneto,WINSTON
Elvis27903,WINSTON
偽りの名アーサー,WINSTON
RoboGhost,WINSTON
tony,WINSTON
Godly,WINSTON
znxvaaa,WINSTON
Perogi,WINSTON
Superpi,WINSTON
Pietjes13,BAPTISTE
memory,BAPTISTE
Capshion,BAPTISTE
Dilokop,BAPTISTE
Supp0r7,BAPTISTE
Kleinebeer,BAPTISTE
TacticalTony,BAPTISTE
Sade,BAPTISTE
Burnbero,BAPTISTE
FEMBOYSPORTǃ,BAPTISTE
Melody,BAPTISTE
teddyson,BAPTISTE
CarryPotter,BAPTISTE
Patilios,BAPTISTE
Rhaegon,BAPTISTE
NaCl,BAPTISTE
mL7,BAPTISTE
quibble,BAPTISTE
ぽぽコ,BAPTISTE
Exode,BAPTISTE
ふいりちゃん,BAPTISTE
Gacy,BAPTISTE
FEAR,BAPTISTE
excett,BAPTISTE
RoyalDumbass,BAPTISTE
Donka,BAPTISTE
UNCLESHREK,BAPTISTE
Megaman1624,BAPTISTE
Macedo,BAPTISTE
Dimiselord,BAPTISTE
Josh,BAPTISTE
LuckyOWL,BAPTISTE
HUNT3R,BAPTISTE
PuroPODER,BAPTISTE
Bomber,BAPTISTE
Sport,BAPTISTE
EkkoFTW,BAPTISTE
StatRekt,BAPTISTE
HappyCamprTV,BAPTISTE
Cordy,BAPTISTE
xDeadbolt323,BAPTISTE
DeadlyPants,BAPTISTE
ryuǃ,BAPTISTE
GŌDŠĆÅÑBŁĒĒD,BAPTISTE
Snickers,BAPTISTE
Somebody945,BAPTISTE
Saxx,BAPTISTE
LuckyCharms,BAPTISTE
Washed,BAPTISTE
thelefty007,BAPTISTE
Roccolo,BAPTISTE
Tortorous,BAPTISTE
Dawg,BAPTISTE
Ace,BAPTISTE
Kndr,BAPTISTE
xmanteboss,BAPTISTE
Mugiwara,BAPTISTE
Hyperbolic,BAPTISTE
BakinGoD,BAPTISTE
Turtle,BAPTISTE
XL8,BAPTISTE
Eternal,BAPTISTE
rena,BAPTISTE
Hertz4k,BAPTISTE
Bigtuna04,BAPTISTE
Leb,BAPTISTE
NiaNebulis,DOOMFIST
diabLew,DOOMFIST
Shinobi,DOOMFIST
Haoh,DOOMFIST
ttvichiritis,DOOMFIST
kairos,DOOMFIST
breakdaearth,DOOMFIST
Bready,DOOMFIST
Clkwrkkng,DOOMFIST
shun,DOOMFIST
Teddy,DOOMFIST
RealLukiyas,DOOMFIST
widowKraizz,DOOMFIST
RoboGhost,DOOMFIST
PuroPODER,DOOMFIST
hocuxpocux,DOOMFIST
sottoku,DOOMFIST
joshgach,DOOMFIST
VodKus,DOOMFIST
Onox,DOOMFIST
Cordy,DOOMFIST
Darkrai,DOOMFIST
Godly,DOOMFIST
Flyrka,DOOMFIST
Flats,DOOMFIST
Monk,DOOMFIST
IkkyCat,DOOMFIST
TITAN,DOOMFIST
GritznGravy,DOOMFIST
ryno,DOOMFIST
Brent000123,DOOMFIST
Gronk,DOOMFIST
Ijin,DOOMFIST
JmoneyTooRaw,DOOMFIST
malumraw,DOOMFIST
kawaiioil,DOOMFIST
soul,DOOMFIST
cob,DOOMFIST
Qyncx,DOOMFIST
BootySnatcha,DOOMFIST
HeliosUwU,DOOMFIST
Leb,DOOMFIST
scorpixSHOW,SOLDIER: 76
YareYare,SOLDIER: 76
NiaNebulis,SOLDIER: 76
Rec6ta,SOLDIER: 76
Geist,SOLDIER: 76
wonyoung,SOLDIER: 76
Daemeon,SOLDIER: 76
Notrya,SOLDIER: 76
Musaiz333,SOLDIER: 76
zexot,SOLDIER: 76
TofuPiece,SOLDIER: 76
Jay3,SOLDIER: 76
TacticalTony,SOLDIER: 76
awexis,SOLDIER: 76
ĒmilŴick,SOLDIER: 76
SewerRat,SOLDIER: 76
Frito,SOLDIER: 76
Krychuu,SOLDIER: 76
FEMBOYSPORTǃ,SOLDIER: 76
Zonda,SOLDIER: 76
Metro,SOLDIER: 76
hatmouse,SOLDIER: 76
zerg4500,SOLDIER: 76
teddyson,SOLDIER: 76
raz,SOLDIER: 76
JDragonX,SOLDIER: 76
NaCl,SOLDIER: 76
Swoly,SOLDIER: 76
Tronix,SOLDIER: 76
benben0724,SOLDIER: 76
Thais,SOLDIER: 76
Mitsunari,SOLDIER: 76
RohBro,SOLDIER: 76
zoharaimTWTR,SOLDIER: 76
FR2NCH,SOLDIER: 76
KILLERBEE,SOLDIER: 76
ITridenteI,SOLDIER: 76
Seegulls,SOLDIER: 76
komorebi,SOLDIER: 76
FEAR,SOLDIER: 76
SqLivA,SOLDIER: 76
MoodyCloudz,SOLDIER: 76
FlyOver,SOLDIER: 76
Lastknight,SOLDIER: 76
D7mY,SOLDIER: 76
Megaman1624,SOLDIER: 76
LegoPizzaGuy,SOLDIER: 76
Violeto,SOLDIER: 76
Dimiselord,SOLDIER: 76
Ribosome,SOLDIER: 76
Oen,SOLDIER: 76
Josh,SOLDIER: 76
ĔŊĐĔŶŜǺŶ,SOLDIER: 76
HUNT3R,SOLDIER: 76
VM1R,SOLDIER: 76
修羅パンツ,SOLDIER: 76
SwankyPants,SOLDIER: 76
hocuxpocux,SOLDIER: 76
sottoku,SOLDIER: 76
YenJ,SOLDIER: 76
val,SOLDIER: 76
Lexaezel,SOLDIER: 76
Sanji,SOLDIER: 76
bow,SOLDIER: 76
FearHenry,SOLDIER: 76
K24kai06,SOLDIER: 76
VizzySpuds,SOLDIER: 76
Alangg,SOLDIER: 76
Nizaj,SOLDIER: 76
Reformedbito,SOLDIER: 76
Parrot,SOLDIER: 76
Kfredrum,SOLDIER: 76
Buenx,SOLDIER: 76
BANG,SOLDIER: 76
Cuible,SOLDIER: 76
Slonio,SOLDIER: 76
Calyptx,SOLDIER: 76
ShinowaSan,SOLDIER: 76
StevoMali3,SOLDIER: 76
Hølk,SOLDIER: 76
Sanes,SOLDIER: 76
Kolander,SOLDIER: 76
NoSkill,SOLDIER: 76
Code002,SOLDIER: 76
Demo,SOLDIER: 76
JmoneyTooRaw,SOLDIER: 76
MƗKO,SOLDIER: 76
NotWidow,SOLDIER: 76
CHEESE,SOLDIER: 76
Alex15can,SOLDIER: 76
DeAdSiLeNc3,SOLDIER: 76
Ace,SOLDIER: 76
Kixaro,SOLDIER: 76
NERO,SOLDIER: 76
Turtle,SOLDIER: 76
thadeli,SOLDIER: 76
rena,SOLDIER: 76
Yuki,SOLDIER: 76
Hertz4k,SOLDIER: 76
JustPsyco,SOLDIER: 76
xddms,SOLDIER: 76
Azemix96,SOLDIER: 76
FORCETRAIN,SOLDIER: 76
Rehsile,SOLDIER: 76
ƁEAR,JUNKRAT
SewerRat,JUNKRAT
J4ke,JUNKRAT
Swoly,JUNKRAT
FlizzashXD,JUNKRAT
KILLERBEE,JUNKRAT
Lastknight,JUNKRAT
EnderBob09,JUNKRAT
BREDUUUK,JUNKRAT
tako,JUNKRAT
修羅パンツ,JUNKRAT
n0rth,JUNKRAT
zyKii,JUNKRAT
VizzySpuds,JUNKRAT
Kizuah,JUNKRAT
BANG,JUNKRAT
malumraw,JUNKRAT
FatherInLaw,JUNKRAT
znxvaaa,JUNKRAT
FocaSegundo,JUNKRAT
Auke,JUNKRAT
PHXRH,JUNKRAT
FORCETRAIN,JUNKRAT
Haoh,BASTION
Notrya,BASTION
quack,BASTION
МфйЅТЗЯ,BASTION
FEMBOYSPORTǃ,BASTION
マイティ躁,BASTION
ItzzBigMicky,BASTION
zerg4500,BASTION
Thais,BASTION
TrippyHippy,BASTION
KingKong,BASTION
Babeingrave,BASTION
MoodyCloudz,BASTION
FlyOver,BASTION
zoro,BASTION
Mirnina,BASTION
LuckyOWL,BASTION
HUNT3R,BASTION
hahahpants,BASTION
Rhyxali,BASTION
North,BASTION
TRLUIS25,BASTION
TEVY,BASTION
StevoMali3,BASTION
Hølk,BASTION
baki,BASTION
KAAOS,BASTION
Eric,BASTION
ChaoticCendi,BASTION
Morrison,BASTION
Plax,BASTION
LupusRex,BASTION
Mickey,JUNKER QUEEN
diabLew,JUNKER QUEEN
MǾŊȌĸǙMĦ,JUNKER QUEEN
porker,JUNKER QUEEN
МфйЅТЗЯ,JUNKER QUEEN
Him,JUNKER QUEEN
Xeno,JUNKER QUEEN
chlorine,JUNKER QUEEN
lIgrizzolyIl,JUNKER QUEEN
EasyIce,JUNKER QUEEN
Chi,JUNKER QUEEN
TopGRG,JUNKER QUEEN
FarenDin,JUNKER QUEEN
Cuible,JUNKER QUEEN
wowitszak,JUNKER QUEEN
YoItsCN,JUNKER QUEEN
SoggyRatTrea,JUNKER QUEEN
Hikari,JUNKER QUEEN
Raiine,JUNKER QUEEN
TheGoot,ANA
memory,ANA
Absolut0f,ANA
GrakE24,ANA
なかのこうだい,ANA
aw0k3n,ANA
星野愛,ANA
Tele,ANA
momo,ANA
Noshgosh,ANA
Capshion,ANA
Dark,ANA
Barbazul,ANA
Aspen,ANA
Cloud,ANA
LemonBat,ANA
CriM,ANA
raven,ANA
Dilokop,ANA
Supp0r7,ANA
Zeta,ANA
RuskyRat,ANA
awexis,ANA
Sade,ANA
Dewsick,ANA
Scarface,ANA
Cruvax,ANA
ChiefUNO,ANA
Mikleo,ANA
NeutralOuija,ANA
L41D,ANA
Nickst3r,ANA
m1ndlezzz,ANA
すぱこ,ANA
マイティ躁,ANA
pineo,ANA
Him,ANA
Alone,ANA
CarryPotter,ANA
Patilios,ANA
ManchaeLover,ANA
JDragonX,ANA
QrowxClover,ANA
NaCl,ANA
mL7,ANA
sixtaps,ANA
quibble,ANA
Tronix,ANA
ぽぽコ,ANA
Fami,ANA
Bready,ANA
euphoria,ANA
Lycoris,ANA
Awenicks,ANA
Siege,ANA
myyntee,ANA
toki,ANA
mob,ANA
ふいりちゃん,ANA
GreenDino,ANA
GetGoodKid,ANA
ThoSta77,ANA
excett,ANA
Donka,ANA
UNCLESHREK,ANA
D7mY,ANA
MachInFive,ANA
Rulra,ANA
RealLukiyas,ANA
DiegoAZ,ANA
Sunshine,ANA
cakes,ANA
Jus,ANA
chicken,ANA
Mirnina,ANA
EasyIce,ANA
charin,ANA
Nubbz,ANA
Morii,ANA
Bomber,ANA
hocuxpocux,ANA
Askrel,ANA
ǁŦƕǾŦŜĿǞŶȄŖǁ,ANA
EkkoFTW,ANA
StatRekt,ANA
hisoka,ANA
Mozzer2310,ANA
Antstein,ANA
mitsuki4724,ANA
FAKE,ANA
Cather,ANA
Flats,ANA
Monk,ANA
bow,ANA
ChicknRoostr,ANA
zyKii,ANA
LaMachine136,ANA
TigerLilly,ANA
Saxx,ANA
XxpandaxX,ANA
Kfredrum,ANA
LuckyCharms,ANA
Cuible,ANA
AtlRx,ANA
NormalTree,ANA
Gronk,ANA
Kate,ANA
LameColors,ANA
julesbeams,ANA
thelefty007,ANA
Tortorous,ANA
Wrhl,ANA
Code002,ANA
CEOOFPEGGING,ANA
Chica,ANA
アナのあな,ANA
Turtlemanbob,ANA
Alex15can,ANA
Kndr,ANA
xmanteboss,ANA
Mugiwara,ANA
REAPER,ANA
NERO,ANA
ShadoSsin,ANA
éopinas,ANA
Lucky,ANA
thadeli,ANA
MooMoo,ANA
JustPsyco,ANA
emeraldǃ,ANA
xddms,ANA
PHXRH,ANA
IMBLIND,ANA
akainu,ANA
zFanfarrao,TWITCH
Blood Artist,TWITCH
NoboIe,TWITCH
xSWAT_OF_lRAQx,TWITCH
NIRVlA,TWITCH
Hurri-86,TWITCH
Booelol,TWITCH
jokerstar,TWITCH
Insolint,TWITCH
M9.-,TWITCH
Il713lI-SkyL1ne,TWITCH
qZentorix,TWITCH
JERRY-TO-97,TWITCH
Filthy6,TWITCH
myslina7,TWITCH
LittIeFoote,TWITCH
High Profiled,TWITCH
GS BROLY,TWITCH
GhostSmokedArmy,TWITCH
X_X_XT3NTACI00N,TWITCH
oMuLm,TWITCH
OneOldXia.,TWITCH
Canical,TWITCH
TheuzDELICIO,TWITCH
Kaf-Sin-Kaf,TWITCH
zMotxBoy,TWITCH
KillerUnit82,TWITCH
Ytica,TWITCH
CoIIada,TWITCH
jefesz,TWITCH
WHOSEmxns,TWITCH
Obe2d,TWITCH
IIPFII,TWITCH
iDevilize,TWITCH
Zed.Smurf,TWITCH
EMILYRATAJKOWSKl,TWITCH
Punk_Deer.,TWITCH
Camilluh,TWITCH
JAYLRZ,TWITCH
kinkistudx,TWITCH
Twyhard,TWITCH
pianotaxfraud26,TWITCH
Swaggy4Sure,TWITCH
Pina,TWITCH
Kjngkvng,TWITCH
DONT_PEEK_ME02,TWITCH
manuelno,TWITCH
ID-QUAKER,TWITCH
g3offrey,TWITCH
Fraqger,TWITCH
Spoken Voltz,TWITCH
W2Abood,TWITCH
WhatRYouAimingAt,TWITCH
AIienista,TWITCH
JaveAsarais,TWITCH
TwiXxoTwisT,TWITCH
ST4BLE,TWITCH
Retro vs Geek,TWITCH
QueenMeep.,TWITCH
AegisZ,TWITCH
NAzgaf,TWITCH
SpeedyTheMonkeyy,TWITCH
Vulixe,TWITCH
Lud0-R6Yt,TWITCH
H3cK1nG.-,TWITCH
SniperGiody360,TWITCH
YuIdav,TWITCH
Sg_WeiserLeiter,TWITCH
FlipBubble,TWITCH
terryrocksx_,TWITCH
andrekuchiki,TWITCH
xItz_TaIMOx,TWITCH
TRICKST3R 1ERZ,TWITCH
WANTED_66BR,TWITCH
AimbotHiredMe,TWITCH
Noobasina,TWITCH
DeleteShift,TWITCH
Lewisited,TWITCH
Trusty_Elric,TWITCH
SgtSmallFace,TWITCH
Nomad Streicher,TWITCH
Dreuzx,TWITCH
MRcredo7,TWITCH
Belenos279,TWITCH
TeamRocketGuy,TWITCH
OutGunxed-,TWITCH
I_Make_U_Spizy,TWITCH
PxwrPvff,TWITCH
Scorpeex,TWITCH
HyperactiveGirl,TWITCH
Awn Drayy,TWITCH
X-KingKoala-X,TWITCH
nwzne,TWITCH
M-_-YoDa_,TWITCH
vPeIa,TWITCH
Queen Vixxn,TWITCH
xPayzl,TWITCH
atrwhiteboy ll,TWITCH
NickyAFK,TWITCH
A_Bathing_Alex,TWITCH
xItsLit,TWITCH
x.C.H.R.I.S.x,ASH
Blood Artist,ASH
lPhobos,ASH
ROG_TiTaN,ASH
Merkwr,ASH
vGirlI,ASH
x2urkiii,ASH
ATKLongGong,ASH
OpaHildegard.VO,ASH
ComendaTrom,ASH
xSWAT_OF_lRAQx,ASH
Y7osf,ASH
AImondy,ASH
NIRVlA,ASH
Kpt_Keif,ASH
Hurri-86,ASH
JOKER_begins,ASH
I Raagnar,ASH
SixStarMachine,ASH
MapIe_Apache,ASH
BzAsh.GIS,ASH
Kawazexy,ASH
ZOFIA-,ASH
ElGiulio,ASH
Duddi,ASH
jokerstar,ASH
lII-Nicassio-lII,ASH
KEISER,ASH
DUD3isNASTY,ASH
ATH-Lunastra,ASH
M3AYDIN,ASH
lLennoxI,ASH
nqkqx,ASH
Il713lI-SkyL1ne,ASH
Dzkota,ASH
DannyKiIIa,ASH
MraznyVilku,ASH
HTX_Ru7h13zz,ASH
myslina7,ASH
l-Zul_Qarnayn-l,ASH
zxart001,ASH
Rusty,ASH
Nctd,ASH
Stxzie,ASH
mehmet0883,ASH
B-o-s-a-K,ASH
GhostNoCasper,ASH
The_Testube_Baby,ASH
I Tunii I,ASH
GhostSmokedArmy,ASH
Xyliganka_,ASH
lGodzy,ASH
X_X_XT3NTACI00N,ASH
inf9mous,ASH
iiHoNesTy,ASH
Arab sK1iIs,ASH
Canical,ASH
Lav9sh,ASH
TheuzDELICIO,ASH
zMotxBoy,ASH
Ytica,ASH
CoIIada,ASH
BoarS.Sin-7Ds,ASH
TwizzyCriptd,ASH
Tomaszeu-PL,ASH
makadipalace1978,ASH
mai esistito,ASH
WHOSEmxns,ASH
RoHL1nG,ASH
IIPFII,ASH
Dan3041.NW,ASH
Luruni,ASH
WOW_IcantAIM_23,ASH
KiNgVCsAm03,ASH
EMILYRATAJKOWSKl,ASH
Smack-zak,ASH
Punk_Deer.,ASH
GItxh,ASH
GeneralTheOG,ASH
Camilluh,ASH
LuCaJaMu,ASH
Evil-Genius4u,ASH
ohslo,ASH
SueaIo,ASH
Ceya Later,ASH
BlitzyBTW,ASH
xXMikeyBoy15Xx,ASH
Mxntiis,ASH
SLHPZ-,ASH
P4UL47EJ4N0,ASH
Y0U...,ASH
xDreeamy,ASH
Misimoi,ASH
Twyhard,ASH
pianotaxfraud26,ASH
Guuu Gn,ASH
LeonGids.FBC,ASH
Pina,ASH
tora0509,ASH
SirRuin420,ASH
Hade.exe,ASH
DONT_PEEK_ME02,ASH
manuelno,ASH
SNAK5116,ASH
HongKongDoll-.,ASH
g3offrey,ASH
Fraqger,ASH
Kernal.Panic,ASH
W2Abood,ASH
EnvyTaylor.FOX,ASH
ReckfulTracerxx,ASH
Ima Buck It,ASH
AIienista,ASH
JaveAsarais,ASH
TwiXxoTwisT,ASH
tgL.MetalBars,ASH
ST4BLE,ASH
Vardaii,ASH
KrypTic Runner,ASH
zGonzaaGoomez,ASH
l_am_Krypton,ASH
NAzgaf,ASH
SpeedyTheMonkeyy,ASH
Vulixe,ASH
TL Syzygy,ASH
zPykachu,ASH
Linkrho98,ASH
TxLvi,ASH
StannicLB,ASH
PAPI CHULO 157,ASH
Praughdigy,ASH
Fenosrov,ASH
TheAnimeWeeb,ASH
vLxssye,ASH
ChanGaEr-.,ASH
sasukelosgame,ASH
iLetyoudown,ASH
PortugeseBULL1,ASH
OG-Kush-420G,ASH
H3cK1nG.-,ASH
SUICIDE-SQUAD-ID,ASH
SniperGiody360,ASH
Pandae-,ASH
Gingyl,ASH
IconicTurtle90,ASH
FlipBubble,ASH
iGhosTiz_,ASH
YvnqVenxia,ASH
JohnThysen,ASH
SyynixNA,ASH
Wozmetjou,ASH
andrekuchiki,ASH
xItz_TaIMOx,ASH
ANCELLM,ASH
RepIjcator,ASH
Good.Luck.All,ASH
JesusAboveAII,ASH
M0kA-,ASH
TRICKST3R 1ERZ,ASH
Kxrrxpted,ASH
Mantis-.,ASH
Sayuzah,ASH
AnsonL69_-,ASH
WANTED_66BR,ASH
Ill Cody llI,ASH
lMoraal,ASH
R6_Degenerate,ASH
kaneti_,ASH
LIPEERAA,ASH
Gozpil,ASH
Juice.Fresh,ASH
zMxnezes,ASH
ALhagawi-,ASH
Bagman.ACEs,ASH
Lewisited,ASH
ElQaRAoUi,ASH
Purlux,ASH
YxsEclezya,ASH
IILostrandomll,ASH
TwRn444,ASH
Qoaa KiX,ASH
ETM99--,ASH
ilLuuKzz,ASH
Nomad Streicher,ASH
Montagne_R6s_,ASH
SpaceMonkey_PR,ASH
Dreuzx,ASH
fisher_boat,ASH
Fake-_-SmiIe,ASH
Kheyz3x,ASH
tangtang219,ASH
Aw22h5Z,ASH
KervinJr,ASH
Murky.REBORN,ASH
Gamer.0.,ASH
VillainInBlue,ASH
LSTibo.-,ASH
TeamRocketGuy,ASH
uncert,ASH
OutGunxed-,ASH
khaIeo,ASH
Lunaar v,ASH
Traclks,ASH
Sym Monster,ASH
roomtempcoffee,ASH
DDDDandySecret.,ASH
PanInkoGnittO,ASH
Crystal.Cc,ASH
GlynFidditch,ASH
serejka_2011,ASH
Im-VoN,ASH
Scorpeex,ASH
Finland_Attacker,ASH
wMryw,ASH
Awn Drayy,ASH
SinnerChill,ASH
X-KingKoala-X,ASH
nwzne,ASH
CAMENBERTLION1,ASH
Niklerator,ASH
SugR_n8.-,ASH
ItzMrDeee,ASH
FOMA-MOMO,ASH
iQuake_V8,ASH
zMancuzZa,ASH
M-_-YoDa_,ASH
Bruh_Nate_,ASH
xRonaldo7i,ASH
nuxaa,ASH
yRavxnz,ASH
Slegendary.-,ASH
OSKAMOSKA,ASH
VaLemeister,ASH
Pengu7-,ASH
Vipers.,ASH
CynicaI eX,ASH
AdrianS R6,ASH
xPayzl,ASH
Jc no cry,ASH
XcLuA,ASH
NickyAFK,ASH
hitman_JDA,ASH
OtterSIaughter,ASH
Va1ve0x0,ASH
MoonRockMolIy,ASH
edonsp-,ASH
A_Bathing_Alex,ASH
Milk_Shaiiko,ASH
freedom-192,ASH
Ensiya,ASH
Xhosa.UA,ASH
Voyager.,ASH
xItsLit,ASH
ZootvonKlaus,ROOK
x ranl x,ROOK
Ziddyboi-,ROOK
GreenArmyMan69,ROOK
JOKER_begins,ROOK
Leland1989,ROOK
Il713lI-SkyL1ne,ROOK
Assassin.PT,ROOK
Hidenori_Saitou,ROOK
Zed.Smurf,ROOK
Megajunn,ROOK
Swaggy4Sure,ROOK
R3Y MIST3RI0,ROOK
EGGTick_-,ROOK
ll-Squog-ll,ROOK
Spanishcow,ROOK
Silent_Buddha_,ROOK
AquaMocha805249,ROOK
F-Y-Y-F-F,ROOK
FlipBubble,ROOK
HIMLAR k11,ROOK
Desmer.,ROOK
WhyMurdaa,ROOK
MajorForde,ROOK
T3J.Stilnox,ROOK
VillainInBlue,ROOK
ElRefugio,ROOK
boshwickbohagan,ROOK
serejka_2011,ROOK
Derechapi,ROOK
B U T C H E R,BLITZ
SpookyKoolaidz,BLITZ
MasturNayter,BLITZ
l-Zul_Qarnayn-l,BLITZ
CoreLabRat,BLITZ
ALiENSMOKEZ,BLITZ
Lud0-R6Yt,BLITZ
HIMLAR k11,BLITZ
HAVI94,BLITZ
R6_Degenerate,BLITZ
SurSideMex,BLITZ
pwnwallius,JÄGER
LV17Luwis,JÄGER
Blood Artist,JÄGER
NoboIe,JÄGER
Bembah,JÄGER
lPhobos,JÄGER
Thatasianguy12,JÄGER
Merkwr,JÄGER
vGirlI,JÄGER
x2urkiii,JÄGER
ATKLongGong,JÄGER
ComendaTrom,JÄGER
xSWAT_OF_lRAQx,JÄGER
Y7osf,JÄGER
AImondy,JÄGER
BatoreTrom,JÄGER
Super_____,JÄGER
GreenArmyMan69,JÄGER
I Raagnar,JÄGER
Booelol,JÄGER
SpookyKoolaidz,JÄGER
SixStarMachine,JÄGER
MapIe_Apache,JÄGER
BzAsh.GIS,JÄGER
Kawazexy,JÄGER
ElGiulio,JÄGER
Duddi,JÄGER
lII-Nicassio-lII,JÄGER
Strelnq,JÄGER
lRIGaM0RTiz-vV,JÄGER
Dfletcher,JÄGER
Insolint,JÄGER
RELOADED-K9,JÄGER
nqkqx,JÄGER
Dzkota,JÄGER
DannyKiIIa,JÄGER
MraznyVilku,JÄGER
myslina7,JÄGER
SPQQPY,JÄGER
Rusty,JÄGER
Nctd,JÄGER
Dragussy,JÄGER
Stxzie,JÄGER
Assassin.PT,JÄGER
mehmet0883,JÄGER
B-o-s-a-K,JÄGER
xBajii,JÄGER
High Profiled,JÄGER
GhostNoCasper,JÄGER
I Tunii I,JÄGER
GhostSmokedArmy,JÄGER
lGodzy,JÄGER
Revy minds,JÄGER
X_X_XT3NTACI00N,JÄGER
oMuLm,JÄGER
inf9mous,JÄGER
ChainsOfCorax,JÄGER
iiHoNesTy,JÄGER
Arab sK1iIs,JÄGER
EbyteYT,JÄGER
Canical,JÄGER
FenriR_TheMiz,JÄGER
Lav9sh,JÄGER
zMotxBoy,JÄGER
Morphxeus,JÄGER
Ytica,JÄGER
CoIIada,JÄGER
TwizzyCriptd,JÄGER
makadipalace1978,JÄGER
mai esistito,JÄGER
Redskins Eze,JÄGER
WHOSEmxns,JÄGER
RoHL1nG,JÄGER
Obe2d,JÄGER
IIPFII,JÄGER
Dan3041.NW,JÄGER
Luruni,JÄGER
EMILYRATAJKOWSKl,JÄGER
Smack-zak,JÄGER
GItxh,JÄGER
GeneralTheOG,JÄGER
Camilluh,JÄGER
LuCaJaMu,JÄGER
Mjskaa,JÄGER
Evil-Genius4u,JÄGER
ohslo,JÄGER
SueaIo,JÄGER
Ceya Later,JÄGER
BlitzyBTW,JÄGER
Mxntiis,JÄGER
SLHPZ-,JÄGER
Y0U...,JÄGER
xDreeamy,JÄGER
MK-187,JÄGER
Twyhard,JÄGER
pianotaxfraud26,JÄGER
Guuu Gn,JÄGER
Swaggy4Sure,JÄGER
LeonGids.FBC,JÄGER
Pina,JÄGER
Kjngkvng,JÄGER
Hade.exe,JÄGER
DONT_PEEK_ME02,JÄGER
manuelno,JÄGER
ID-QUAKER,JÄGER
Fraqger,JÄGER
W2Abood,JÄGER
EnvyTaylor.FOX,JÄGER
WhatRYouAimingAt,JÄGER
nuke__d,JÄGER
Ima Buck It,JÄGER
AIienista,JÄGER
TwiXxoTwisT,JÄGER
ALiENSMOKEZ,JÄGER
CQB BEAST322,JÄGER
KrypTic Runner,JÄGER
zGonzaaGoomez,JÄGER
AegisZ,JÄGER
Spxrou,JÄGER
SpeedyTheMonkeyy,JÄGER
l-Sam_Fisher-l,JÄGER
Vulixe,JÄGER
MAIK--DEVED,JÄGER
TL Syzygy,JÄGER
zPykachu,JÄGER
Linkrho98,JÄGER
TxLvi,JÄGER
Kingmorhaf,JÄGER
ALMAR_RJ,JÄGER
Praughdigy,JÄGER
zLukiTaaa__,JÄGER
W_E_M_3_,JÄGER
Fenosrov,JÄGER
BBMccccc,JÄGER
vLxssye,JÄGER
HarIows,JÄGER
ChanGaEr-.,JÄGER
iLetyoudown,JÄGER
Killa_BiIlz,JÄGER
Kapkan,JÄGER
OG-Kush-420G,JÄGER
SUICIDE-SQUAD-ID,JÄGER
SniperGiody360,JÄGER
Pandae-,JÄGER
YuIdav,JÄGER
byALEX05,JÄGER
IconicTurtle90,JÄGER
OTFreyr,JÄGER
YvnqVenxia,JÄGER
SyynixNA,JÄGER
andrekuchiki,JÄGER
JesusAboveAII,JÄGER
M0kA-,JÄGER
Kxrrxpted,JÄGER
Mantis-.,JÄGER
tuzhno,JÄGER
PeachMint,JÄGER
Sayuzah,JÄGER
AnsonL69_-,JÄGER
WANTED_66BR,JÄGER
ivanchan1107,JÄGER
Ill Cody llI,JÄGER
AimbotHiredMe,JÄGER
SamG309,JÄGER
BeciENTROPY,JÄGER
lMoraal,JÄGER
R6_Degenerate,JÄGER
LIPEERAA,JÄGER
Gozpil,JÄGER
Corejuno,JÄGER
zMxnezes,JÄGER
Ziusudra-IQ,JÄGER
GunningGuru,JÄGER
Jqku,JÄGER
Lewisited,JÄGER
ElQaRAoUi,JÄGER
frosttime,JÄGER
Purlux,JÄGER
YxsEclezya,JÄGER
vArxqz,JÄGER
IILostrandomll,JÄGER
TwRn444,JÄGER
ETM99--,JÄGER
Shout_UP,JÄGER
ilLuuKzz,JÄGER
SgtSmallFace,JÄGER
Nomad Streicher,JÄGER
DuffProdz_,JÄGER
SpaceMonkey_PR,JÄGER
fisher_boat,JÄGER
Motchon_,JÄGER
Fake-_-SmiIe,JÄGER
Kheyz3x,JÄGER
tangtang219,JÄGER
OpposedAtom5503,JÄGER
III-DIMARIK-III,JÄGER
KervinJr,JÄGER
Murky.REBORN,JÄGER
FENRRIR-_-,JÄGER
LSTibo.-,JÄGER
TeamRocketGuy,JÄGER
uncert,JÄGER
BeIIaAborrecida,JÄGER
OutGunxed-,JÄGER
khaIeo,JÄGER
lGhostdog,JÄGER
Lunaar v,JÄGER
PxwrPvff,JÄGER
Traclks,JÄGER
Sym Monster,JÄGER
serejka_2011,JÄGER
Im-VoN,JÄGER
Scorpeex,JÄGER
Finland_Attacker,JÄGER
HyperactiveGirl,JÄGER
wMryw,JÄGER
Awn Drayy,JÄGER
X-KingKoala-X,JÄGER
nwzne,JÄGER
CAMENBERTLION1,JÄGER
Niklerator,JÄGER
SugR_n8.-,JÄGER
ItzMrDeee,JÄGER
zMancuzZa,JÄGER
M-_-YoDa_,JÄGER
Bruh_Nate_,JÄGER
xRonaldo7i,JÄGER
nuxaa,JÄGER
yRavxnz,JÄGER
vPeIa,JÄGER
Slegendary.-,JÄGER
OSKAMOSKA,JÄGER
VaLemeister,JÄGER
Pengu7-,JÄGER
Vipers.,JÄGER
Maximum.Hits,JÄGER
CynicaI eX,JÄGER
Mlctlan,JÄGER
xPayzl,JÄGER
ll_Best_Grey_ll,JÄGER
Jc no cry,JÄGER
XcLuA,JÄGER
NickyAFK,JÄGER
hitman_JDA,JÄGER
OtterSIaughter,JÄGER
Va1ve0x0,JÄGER
MoonRockMolIy,JÄGER
bloo_831,JÄGER
edonsp-,JÄGER
A_Bathing_Alex,JÄGER
SERTactical,JÄGER
Ensiya,JÄGER
Xhosa.UA,JÄGER
Voyager.,JÄGER
zFanfarrao,THERMITE
ZootvonKlaus,THERMITE
B U T C H E R,THERMITE
FANG799,THERMITE
Bembah,THERMITE
Thatasianguy12,THERMITE
Ziddyboi-,THERMITE
Hurri-86,THERMITE
GreenArmyMan69,THERMITE
frostyorb,THERMITE
MasturNayter,THERMITE
TBatist,THERMITE
Leland1989,THERMITE
Dfletcher,THERMITE
C.M.E.T.A.H.K.A,THERMITE
Putins1Horn,THERMITE
Dzkota,THERMITE
Stxzie,THERMITE
Assassin.PT,THERMITE
LyzoIda,THERMITE
I Tunii I,THERMITE
LEVIJR2014,THERMITE
starscrying,THERMITE
cheesepie37,THERMITE
Morphxeus,THERMITE
Tomaszeu-PL,THERMITE
TOMITOMAnic,THERMITE
Dan3041.NW,THERMITE
DustyKnackers,THERMITE
SchleK1nG,THERMITE
KiNgVCsAm03,THERMITE
Killinda,THERMITE
F-I-N-D-A-K-L-Y,THERMITE
Megajunn,THERMITE
Buqik,THERMITE
itxMor3,THERMITE
Screamo Jon,THERMITE
LIFE IS 1964,THERMITE
ID-QUAKER,THERMITE
Kernal.Panic,THERMITE
QueenLylo,THERMITE
WhatRYouAimingAt,THERMITE
xSako7,THERMITE
Ima Buck It,THERMITE
EGGTick_-,THERMITE
JaveAsarais,THERMITE
Vardaii,THERMITE
CQB BEAST322,THERMITE
ccdoc7556,THERMITE
l_am_Krypton,THERMITE
wongtung2046,THERMITE
Silent_Buddha_,THERMITE
handy0502,THERMITE
ALMAR_RJ,THERMITE
jams_93,THERMITE
Kapkan,THERMITE
Jujuman12,THERMITE
M1nd0F,THERMITE
Arikaras72,THERMITE
terryrocksx_,THERMITE
Jacked_Estrada,THERMITE
Terrify,THERMITE
HAVI94,THERMITE
PIMMELPOLIZEI,THERMITE
McLunchbox_,THERMITE
tuzhno,THERMITE
Ill Cody llI,THERMITE
Mapama_,THERMITE
Ziusudra-IQ,THERMITE
silverhunt27,THERMITE
DamnnnnDaddy,THERMITE
GR8GAZOO74,THERMITE
vArxqz,THERMITE
MightyChicken007,THERMITE
CosmicFlower1991,THERMITE
tgL.Swake,THERMITE
Shout_UP,THERMITE
SgtSmallFace,THERMITE
Motchon_,THERMITE
Kheyz3x,THERMITE
III-DIMARIK-III,THERMITE
Vespertus.,THERMITE
Love Killin,THERMITE
FENRRIR-_-,THERMITE
Gamer.0.,THERMITE
Dizel_Max,THERMITE
thamizinhaa,THERMITE
boshwickbohagan,THERMITE
Im-VoN,THERMITE
IN O IR ID,THERMITE
SinnerChill,THERMITE
ItzMrDeee,THERMITE
bSwiifty,THERMITE
ICONA POP 420,THERMITE
A1anware,THERMITE
KPEMEHb.,THERMITE
pasucu68,THERMITE
Hancoock_XVI,THERMITE
QK_RAMBITO,THERMITE
vP1NK,THERMITE
SERTactical,THERMITE
LV17Luwis,SLEDGE
tk060705,SLEDGE
BatoreTrom,SLEDGE
Super_____,SLEDGE
Booelol,SLEDGE
BzAsh.GIS,SLEDGE
RAGEnaldo.144Hz,SLEDGE
Crazyteacher963,SLEDGE
Strelnq,SLEDGE
JNiicks,SLEDGE
SPQQPY,SLEDGE
LittIeFoote,SLEDGE
xBajii,SLEDGE
GS BROLY,SLEDGE
Xyliganka_,SLEDGE
OGofSiege,SLEDGE
ChainsOfCorax,SLEDGE
FenriR_TheMiz,SLEDGE
BoarS.Sin-7Ds,SLEDGE
Redskins Eze,SLEDGE
iDevilize,SLEDGE
xXMikeyBoy15Xx,SLEDGE
JAYLRZ,SLEDGE
Kjngkvng,SLEDGE
QueenLylo,SLEDGE
ReckfulTracerxx,SLEDGE
Superbatman6348,SLEDGE
anewhorizon,SLEDGE
TAC0V1K1NG,SLEDGE
Justinmillares,SLEDGE
jams_93,SLEDGE
PortugeseBULL1,SLEDGE
bahram.ffx,SLEDGE
MTNEERMAFIA,SLEDGE
OTFreyr,SLEDGE
sharpshooter_00I,SLEDGE
InternaIPrimates,SLEDGE
Gudrus-Apuokas,SLEDGE
Mickellini,SLEDGE
Good.Luck.All,SLEDGE
tuzhno,SLEDGE
FUZZYwoo452,SLEDGE
ALhagawi-,SLEDGE
FortyS.,SLEDGE
DuffProdz_,SLEDGE
Motchon_,SLEDGE
LowlySoul,SLEDGE
Vespertus.,SLEDGE
Dizel_Max,SLEDGE
kakkymedtech,SLEDGE
BeIIaAborrecida,SLEDGE
lGhostdog,SLEDGE
Apple.26,SLEDGE
X Goblin7,SLEDGE
boshwickbohagan,SLEDGE
DDDDandySecret.,SLEDGE
PanInkoGnittO,SLEDGE
Crystal.Cc,SLEDGE
Derechapi,SLEDGE
ReesesAreGoodOMG,SLEDGE
FOMA-MOMO,SLEDGE
iQuake_V8,SLEDGE
evinho007,SLEDGE
YuJiN_-AN,SLEDGE
XcLuA,SLEDGE
Milk_Shaiiko,SLEDGE
Philias.,SLEDGE
zFanfarrao,BANDIT
pwnwallius,BANDIT
LV17Luwis,BANDIT
Bembah,BANDIT
Merkwr,BANDIT
vGirlI,BANDIT
x2urkiii,BANDIT
OpaHildegard.VO,BANDIT
ComendaTrom,BANDIT
AImondy,BANDIT
Ziddyboi-,BANDIT
Kpt_Keif,BANDIT
BatoreTrom,BANDIT
MapIe_Apache,BANDIT
Kawazexy,BANDIT
ZOFIA-,BANDIT
Leland1989,BANDIT
lRIGaM0RTiz-vV,BANDIT
DUD3isNASTY,BANDIT
JNiicks,BANDIT
M9.-,BANDIT
RELOADED-K9,BANDIT
nqkqx,BANDIT
qZentorix,BANDIT
DannyKiIIa,BANDIT
MraznyVilku,BANDIT
Filthy6,BANDIT
SPQQPY,BANDIT
mehmet0883,BANDIT
LittIeFoote,BANDIT
High Profiled,BANDIT
Mr.MaFFin_,BANDIT
lGodzy,BANDIT
OGofSiege,BANDIT
oMuLm,BANDIT
OneOldXia.,BANDIT
iiHoNesTy,BANDIT
Arab sK1iIs,BANDIT
EbyteYT,BANDIT
FenriR_TheMiz,BANDIT
Lav9sh,BANDIT
cheesepie37,BANDIT
TwizzyCriptd,BANDIT
makadipalace1978,BANDIT
mai esistito,BANDIT
jefesz,BANDIT
TOMITOMAnic,BANDIT
Luruni,BANDIT
WOW_IcantAIM_23,BANDIT
Punk_Deer.,BANDIT
Uncle-Zet,BANDIT
LuCaJaMu,BANDIT
Evil-Genius4u,BANDIT
ohslo,BANDIT
Ceya Later,BANDIT
Mxntiis,BANDIT
SLHPZ-,BANDIT
JAYLRZ,BANDIT
P4UL47EJ4N0,BANDIT
xDreeamy,BANDIT
Buqik,BANDIT
Guuu Gn,BANDIT
Hade.exe,BANDIT
QueenLylo,BANDIT
nuke__d,BANDIT
AngWolf_SYG,BANDIT
Vardaii,BANDIT
KrypTic Runner,BANDIT
Retro vs Geek,BANDIT
zGonzaaGoomez,BANDIT
KOTOHIME-,BANDIT
l_am_Krypton,BANDIT
Silent_Buddha_,BANDIT
l-Sam_Fisher-l,BANDIT
TL Syzygy,BANDIT
zPykachu,BANDIT
PAPI CHULO 157,BANDIT
zLukiTaaa__,BANDIT
TheAnimeWeeb,BANDIT
BBMccccc,BANDIT
iLetyoudown,BANDIT
OG-Kush-420G,BANDIT
M1nd0F,BANDIT
SUICIDE-SQUAD-ID,BANDIT
Arikaras72,BANDIT
Nakaj1ma_youko,BANDIT
Sg_WeiserLeiter,BANDIT
SyynixNA,BANDIT
xItz_TaIMOx,BANDIT
Mantis-.,BANDIT
PeachMint,BANDIT
Sayuzah,BANDIT
ivanchan1107,BANDIT
AimbotHiredMe,BANDIT
BeciENTROPY,BANDIT
lMoraal,BANDIT
kaneti_,BANDIT
Gozpil,BANDIT
Juice.Fresh,BANDIT
zMxnezes,BANDIT
Jqku,BANDIT
frosttime,BANDIT
vArxqz,BANDIT
tgL.Swake,BANDIT
FortyS.,BANDIT
DuffProdz_,BANDIT
fisher_boat,BANDIT
tangtang219,BANDIT
Aw22h5Z,BANDIT
OpposedAtom5503,BANDIT
III-DIMARIK-III,BANDIT
Vespertus.,BANDIT
Murky.REBORN,BANDIT
Dizel_Max,BANDIT
LSTibo.-,BANDIT
Lunaar v,BANDIT
Traclks,BANDIT
DDDDandySecret.,BANDIT
Finland_Attacker,BANDIT
IN O IR ID,BANDIT
SinnerChill,BANDIT
Niklerator,BANDIT
SugR_n8.-,BANDIT
iQuake_V8,BANDIT
zMancuzZa,BANDIT
xRonaldo7i,BANDIT
nuxaa,BANDIT
Qoo.-,BANDIT
evinho007,BANDIT
Hancoock_XVI,BANDIT
berbthechick,BANDIT
CynicaI eX,BANDIT
AdrianS R6,BANDIT
hitman_JDA,BANDIT
MoonRockMolIy,BANDIT
bloo_831,BANDIT
edonsp-,BANDIT
SERTactical,BANDIT
Ensiya,BANDIT
Philias.,BANDIT
ROG_TiTaN,CAVEIRA
I Raagnar,CAVEIRA
rider-250r,CAVEIRA
SHANTRAH,CAVEIRA
DWEx ROBHOOD,CAVEIRA
qZentorix,CAVEIRA
JERRY-TO-97,CAVEIRA
HTX_Ru7h13zz,CAVEIRA
LEVIJR2014,CAVEIRA
BoarS.Sin-7Ds,CAVEIRA
JOS3PF,CAVEIRA
CoreLabRat,CAVEIRA
SNAK5116,CAVEIRA
Juggernaut WZRD,CAVEIRA
ST4BLE,CAVEIRA
Superbatman6348,CAVEIRA
sasukelosgame,CAVEIRA
PortugeseBULL1,CAVEIRA
H3cK1nG.-,CAVEIRA
MajorForde,CAVEIRA
StandALOne98,CAVEIRA
Corejuno,CAVEIRA
Montagne_R6s_,CAVEIRA
SpaceMonkey_PR,CAVEIRA
turko119,CAVEIRA
Love Killin,CAVEIRA
AMOK_CRO,CAVEIRA
WillyKat-,CAVEIRA
I_Make_U_Spizy,CAVEIRA
ElRefugio,CAVEIRA
Legalllyblind,CAVEIRA
TestierGraph,CAVEIRA
KPEMEHb.,CAVEIRA
atrwhiteboy ll,CAVEIRA
QK_RAMBITO,CAVEIRA
x.C.H.R.I.S.x,LESION
TREP-.,LESION
x7sam1,LESION
Crazyteacher963,LESION
C.M.E.T.A.H.K.A,LESION
MOR_MOHAMMAD,LESION
Mr.MaFFin_,LESION
GS BROLY,LESION
xScxry7,LESION
KillerUnit82,LESION
To1n0juuu,LESION
SchleK1nG,LESION
II VxGETA II,LESION
GItxh,LESION
Uncle-Zet,LESION
F-I-N-D-A-K-L-Y,LESION
tora0509,LESION
HongKongDoll-.,LESION
xSako7,LESION
ZEEROO94,LESION
MR BUNGLE 1991,LESION
Spxrou,LESION
l-Sam_Fisher-l,LESION
zLukiTaaa__,LESION
TiM-_-CliO,LESION
MTNEERMAFIA,LESION
Desmer.,LESION
Wozmetjou,LESION
Good.Luck.All,LESION
StandALOne98,LESION
Noobasina,LESION
PGC_CrazyTornado,LESION
bougi420,LESION
MightyChicken007,LESION
IILostrandomll,LESION
TwRn444,LESION
Qoaa KiX,LESION
AMOK_CRO,LESION
BeIIaAborrecida,LESION
lGhostdog,LESION
A1anware,LESION
vPeIa,LESION
Qoo.-,LESION
VaLemeister,LESION
Queen Vixxn,LESION
TheMechanic911,LESION
atrwhiteboy ll,LESION
GOWPIE,LESION
freedom-192,LESION
ES-CON-FIELD,LESION
tk060705,SMOKE
MacieJay,SMOKE
ii30RY,SMOKE
M3AYDIN,SMOKE
cheesepie37,SMOKE
Mjskaa,SMOKE
BlitzyBTW,SMOKE
LeonGids.FBC,SMOKE
Rogu3..,SMOKE
EnvyTaylor.FOX,SMOKE
AngWolf_SYG,SMOKE
EGGTick_-,SMOKE
tgL.MetalBars,SMOKE
ll-Squog-ll,SMOKE
M1nd0F,SMOKE
kaneti_,SMOKE
Juice.Fresh,SMOKE
Purlux,SMOKE
Trusty_Elric,SMOKE
ETM99--,SMOKE
ElRefugio,SMOKE
roomtempcoffee,SMOKE
GlynFidditch,SMOKE
OSKAMOSKA,SMOKE
evinho007,SMOKE
Milk_Shaiiko,SMOKE
Thatasianguy12,BUCK
tk060705,BUCK
MacieJay,BUCK
OpaHildegard.VO,BUCK
Super_____,BUCK
ATH-Lunastra,BUCK
JERRY-TO-97,BUCK
Rusty,BUCK
SueaIo,BUCK
Rogu3..,BUCK
ll-Squog-ll,BUCK
QueenMeep.,BUCK
anewhorizon,BUCK
Linkrho98,BUCK
BBMccccc,BUCK
Sg_WeiserLeiter,BUCK
Corejuno,BUCK
frosttime,BUCK
LowlySoul,BUCK
MajesticLW,BUCK
OtterSIaughter,BUCK
lPhobos,VALKYRIE
x7sam1,VALKYRIE
JOKER_begins,VALKYRIE
TBatist,VALKYRIE
Dfletcher,VALKYRIE
SHANTRAH,VALKYRIE
MOR_MOHAMMAD,VALKYRIE
kill_th-Devil,VALKYRIE
Filthy6,VALKYRIE
zxart001,VALKYRIE
B-o-s-a-K,VALKYRIE
Revy minds,VALKYRIE
TheuzDELICIO,VALKYRIE
Kaf-Sin-Kaf,VALKYRIE
To1n0juuu,VALKYRIE
DustyKnackers,VALKYRIE
II VxGETA II,VALKYRIE
GeneralTheOG,VALKYRIE
Juggernaut WZRD,VALKYRIE
anewhorizon,VALKYRIE
StannicLB,VALKYRIE
ALMAR_RJ,VALKYRIE
vLxssye,VALKYRIE
sasukelosgame,VALKYRIE
John_W1cK_,VALKYRIE
Jujuman12,VALKYRIE
bahram.ffx,VALKYRIE
Gingyl,VALKYRIE
iGhosTiz_,VALKYRIE
Terrify,VALKYRIE
Mickellini,VALKYRIE
LIPEERAA,VALKYRIE
Kamelot.,VALKYRIE
ALhagawi-,VALKYRIE
Bagman.ACEs,VALKYRIE
tgL.Swake,VALKYRIE
ilLuuKzz,VALKYRIE
Dreuzx,VALKYRIE
Il-ONAGA-Il,VALKYRIE
Apple.26,VALKYRIE
xSp1derp1gxx,VALKYRIE
Pengu7-,VALKYRIE
YuJiN_-AN,VALKYRIE
Jc no cry,VALKYRIE
GOWPIE,VALKYRIE
vP1NK,VALKYRIE
QKapwn,VALKYRIE
Y7osf,VIGIL
lII-Nicassio-lII,VIGIL
Putins1Horn,VIGIL
Nctd,VIGIL
Dragussy,VIGIL
Obe2d,VIGIL
SirRuin420,VIGIL
SNAK5116,VIGIL
ReckfulTracerxx,VIGIL
IconicTurtle90,VIGIL
RepIjcator,VIGIL
JesusAboveAII,VIGIL
TRICKST3R 1ERZ,VIGIL
AnsonL69_-,VIGIL
FUZZYwoo452,VIGIL
Aw22h5Z,VIGIL
LowlySoul,VIGIL
PxwrPvff,VIGIL
wMryw,VIGIL
CAMENBERTLION1,VIGIL
ll_Best_Grey_ll,VIGIL
Kpt_Keif,GSG 9
rider-250r,GSG 9
gup_mako_,GSG 9
tqguuuu-nikukai,GSG 9
ANCELLM,GSG 9
nicopyon25,GSG 9
ReesesAreGoodOMG,GSG 9
USAVICH_GAMETIME,GSG 9
NIRVlA,ELA
ZOFIA-,ELA
SOG GUMBALL,ELA
Strelnq,ELA
RELOADED-K9,ELA
zxart001,ELA
The_Testube_Baby,ELA
RoHL1nG,ELA
Smack-zak,ELA
SirRuin420,ELA
Juggernaut WZRD,ELA
g3offrey,ELA
Superbatman6348,ELA
Kingmorhaf,ELA
PAPI CHULO 157,ELA
OTFreyr,ELA
Kamelot.,ELA
FUZZYwoo452,ELA
PGC_CrazyTornado,ELA
Trusty_Elric,ELA
Alderon_,ELA
frostyorb,MUTE
KEISER,MUTE
lLennoxI,MUTE
LyzoIda,MUTE
Mr.MaFFin_,MUTE
starscrying,MUTE
Tomaszeu-PL,MUTE
Killinda,MUTE
Megajunn,MUTE
R3Y MIST3RI0,MUTE
POKRAK_77,MUTE
LIFE IS 1964,MUTE
wongtung2046,MUTE
handy0502,MUTE
ShadowReach8837,MUTE
Gudrus-Apuokas,MUTE
McLunchbox_,MUTE
Mapama_,MUTE
GunningGuru,MUTE
DamnnnnDaddy,MUTE
T3J.Stilnox,MUTE
Sporadic Sully,MUTE
Belenos279,MUTE
kakkymedtech,MUTE
xSp1derp1gxx,MUTE
MajesticLW,MUTE
Dimitar60,MUTE
Va1ve0x0,MUTE
QKapwn,MUTE
B U T C H E R,FROST
FANG799,FROST
RAGEnaldo.144Hz,FROST
jokerstar,FROST
Crazyteacher963,FROST
ATH-Lunastra,FROST
DWEx ROBHOOD,FROST
sealsniper001,FROST
SIR GQSMOOVE,FROST
KiNgVCsAm03,FROST
itxMor3,FROST
POKRAK_77,FROST
Kernal.Panic,FROST
ZEEROO94,FROST
MR BUNGLE 1991,FROST
MAIK--DEVED,FROST
Justinmillares,FROST
HarIows,FROST
TiM-_-CliO,FROST
Nakaj1ma_youko,FROST
ShadowReach8837,FROST
terryrocksx_,FROST
Gudrus-Apuokas,FROST
faff_6500,FROST
Flip Albatroz7,FROST
PIMMELPOLIZEI,FROST
McLunchbox_,FROST
heIpsy,FROST
WhyMurdaa,FROST
SamG309,FROST
Ziusudra-IQ,FROST
tyswagger100,FROST
DamnnnnDaddy,FROST
GR8GAZOO74,FROST
Shout_UP,FROST
Sporadic Sully,FROST
MRcredo7,FROST
Il-ONAGA-Il,FROST
Gamer.0.,FROST
Belenos279,FROST
AMOK_CRO,FROST
thamizinhaa,FROST
X Goblin7,FROST
CR7BaiYe,FROST
Legalllyblind,FROST
HyperactiveGirl,FROST
pasucu68,FROST
pNd.,FROST
Queen Vixxn,FROST
TheMechanic911,FROST
YungLb34,FROST
MTO-Terminator,FROST
freedom-192,FROST
ES-CON-FIELD,FROST
NoboIe,DOC
ATKLongGong,DOC
Duddi,DOC
MasturNayter,DOC
Putins1Horn,DOC
GhostNoCasper,DOC
The_Testube_Baby,DOC
JOS3PF,DOC
jefesz,DOC
Zed.Smurf,DOC
Y0U...,DOC
HongKongDoll-.,DOC
Spoken Voltz,DOC
AegisZ,DOC
KOTOHIME-,DOC
Lud0-R6Yt,DOC
ChanGaEr-.,DOC
Killa_BiIlz,DOC
John_W1cK_,DOC
Wozmetjou,DOC
M0kA-,DOC
nicopyon25,DOC
MajorForde,DOC
Kxrrxpted,DOC
bogomol1987,DOC
bougi420,DOC
CosmicFlower1991,DOC
FENRRIR-_-,DOC
Sym Monster,DOC
Derechapi,DOC
FOMA-MOMO,DOC
Slegendary.-,DOC
Vipers.,DOC
Hancoock_XVI,DOC
Voyager.,DOC
pwnwallius,HIBANA
TREP-.,HIBANA
TBatist,HIBANA
lRIGaM0RTiz-vV,HIBANA
Dragussy,HIBANA
xBajii,HIBANA
OneOldXia.,HIBANA
Morphxeus,HIBANA
To1n0juuu,HIBANA
iDevilize,HIBANA
WOW_IcantAIM_23,HIBANA
Mjskaa,HIBANA
Screamo Jon,HIBANA
nuke__d,HIBANA
AngWolf_SYG,HIBANA
tgL.MetalBars,HIBANA
wongtung2046,HIBANA
W_E_M_3_,HIBANA
TheAnimeWeeb,HIBANA
HarIows,HIBANA
Jujuman12,HIBANA
Pandae-,HIBANA
bahram.ffx,HIBANA
Gingyl,HIBANA
YuIdav,HIBANA
Terrify,HIBANA
ivanchan1107,HIBANA
SamG309,HIBANA
itsWobble,HIBANA
BeciENTROPY,HIBANA
bogomol1987,HIBANA
MightyChicken007,HIBANA
Fake-_-SmiIe,HIBANA
OpposedAtom5503,HIBANA
KervinJr,HIBANA
WillyKat-,HIBANA
I_Make_U_Spizy,HIBANA
roomtempcoffee,HIBANA
GlynFidditch,HIBANA
Legalllyblind,HIBANA
bSwiifty,HIBANA
Maximum.Hits,HIBANA
berbthechick,HIBANA
AdrianS R6,HIBANA
Alderon_,HIBANA
Dimitar60,HIBANA
Xhosa.UA,HIBANA
FANG799,KAPKAN
ElGiulio,KAPKAN
SOG GUMBALL,KAPKAN
DWEx ROBHOOD,KAPKAN
xScxry7,KAPKAN
KillerUnit82,KAPKAN
Redskins Eze,KAPKAN
sealsniper001,KAPKAN
xXMikeyBoy15Xx,KAPKAN
kinkistudx,KAPKAN
MK-187,KAPKAN
Screamo Jon,KAPKAN
Spoken Voltz,KAPKAN
TAC0V1K1NG,KAPKAN
Nakaj1ma_youko,KAPKAN
HIMLAR k11,KAPKAN
Jacked_Estrada,KAPKAN
faff_6500,KAPKAN
HAVI94,KAPKAN
attila penge,KAPKAN
silverhunt27,KAPKAN
Bagman.ACEs,KAPKAN
tyswagger100,KAPKAN
turko119,KAPKAN
Il-ONAGA-Il,KAPKAN
Agente_Bonder,KAPKAN
PanInkoGnittO,KAPKAN
SantaKJIAYC,KAPKAN
KPEMEHb.,KAPKAN
pNd.,KAPKAN
wakemann77,KAPKAN
YungLb34,KAPKAN
MTO-Terminator,KAPKAN
SurSideMex,KAPKAN
vP1NK,KAPKAN
frostyorb,THATCHER
RAGEnaldo.144Hz,THATCHER
KEISER,THATCHER
LyzoIda,THATCHER
EbyteYT,THATCHER
starscrying,THATCHER
SIR GQSMOOVE,THATCHER
DustyKnackers,THATCHER
Killinda,THATCHER
MK-187,THATCHER
R3Y MIST3RI0,THATCHER
itxMor3,THATCHER
LIFE IS 1964,THATCHER
CQB BEAST322,THATCHER
Spanishcow,THATCHER
Spxrou,THATCHER
handy0502,THATCHER
CosmicFlower1991,THATCHER
Sporadic Sully,THATCHER
thamizinhaa,THATCHER
IN O IR ID,THATCHER
bSwiifty,THATCHER
Qoo.-,THATCHER
Dimitar60,THATCHER
ES-CON-FIELD,THATCHER
x7sam1,ACE
C.M.E.T.A.H.K.A,ACE
TOMITOMAnic,ACE
MTNEERMAFIA,ACE
itsWobble,ACE
attila penge,ACE
silverhunt27,ACE
uncert,ACE
Sinful Clash,ACE
MacieJay,PULSE
SixStarMachine,PULSE
Insolint,PULSE
DUD3isNASTY,PULSE
M3AYDIN,PULSE
SHANTRAH,PULSE
lLennoxI,PULSE
LEVIJR2014,PULSE
Kaf-Sin-Kaf,PULSE
P4UL47EJ4N0,PULSE
Buqik,PULSE
ALiENSMOKEZ,PULSE
StannicLB,PULSE
jams_93,PULSE
Kapkan,PULSE
sharpshooter_00I,PULSE
Jacked_Estrada,PULSE
YvnqVenxia,PULSE
ElQaRAoUi,PULSE
YxsEclezya,PULSE
QK_RAMBITO,PULSE
SurSideMex,PULSE
x ranl x,FINKA
HTX_Ru7h13zz,FINKA
WhyMurdaa,FINKA
DOUWATlKU,FINKA
Kamelot.,FINKA
GR8GAZOO74,FINKA
SantaKJIAYC,FINKA
YungLb34,FINKA
TREP-.,JACKAL
ii30RY,JACKAL
JNiicks,JACKAL
rider-250r,JACKAL
MOR_MOHAMMAD,JACKAL
Revy minds,JACKAL
xScxry7,JACKAL
ChainsOfCorax,JACKAL
CoreLabRat,JACKAL
SchleK1nG,JACKAL
F-I-N-D-A-K-L-Y,JACKAL
kinkistudx,JACKAL
Rogu3..,JACKAL
ZEEROO94,JACKAL
AquaMocha805249,JACKAL
F-Y-Y-F-F,JACKAL
Kingmorhaf,JACKAL
sharpshooter_00I,JACKAL
bogomol1987,JACKAL
Jqku,JACKAL
bougi420,JACKAL
FortyS.,JACKAL
Love Killin,JACKAL
xSp1derp1gxx,JACKAL
A1anware,JACKAL
Mlctlan,JACKAL
Hidenori_Saitou,MIRA
W_E_M_3_,MIRA
InternaIPrimates,MIRA
gup_mako_,SAS
tqguuuu-nikukai,SAS
ANCELLM,SAS
USAVICH_GAMETIME,SAS
x.C.H.R.I.S.x,ZOFIA
ROG_TiTaN,ZOFIA
M9.-,ZOFIA
Xyliganka_,ZOFIA
inf9mous,ZOFIA
JOS3PF,ZOFIA
Uncle-Zet,ZOFIA
Misimoi,ZOFIA
xSako7,ZOFIA
ccdoc7556,ZOFIA
KOTOHIME-,ZOFIA
NAzgaf,ZOFIA
TxLvi,ZOFIA
byALEX05,ZOFIA
iGhosTiz_,ZOFIA
StandALOne98,ZOFIA
PGC_CrazyTornado,ZOFIA
khaIeo,ZOFIA
Crystal.Cc,ZOFIA
CR7BaiYe,ZOFIA
yRavxnz,ZOFIA
DonzokoNoRyu,ZOFIA
YuJiN_-AN,ZOFIA
ll_Best_Grey_ll,ZOFIA
bloo_831,ZOFIA
xItsLit,ZOFIA
x ranl x,IQ
OGofSiege,IQ
Retro vs Geek,IQ
QueenMeep.,IQ
MAIK--DEVED,IQ
JohnThysen,IQ
PeachMint,IQ
GunningGuru,IQ
WillyKat-,IQ
Bruh_Nate_,IQ
II VxGETA II,GRIDLOCK
Justinmillares,GRIDLOCK
Agente_Bonder,GRIDLOCK
wakemann77,GRIDLOCK
Praughdigy,BLACKBEARD
Killa_BiIlz,BLACKBEARD
byALEX05,BLACKBEARD
Mapama_,BLACKBEARD
T3J.Stilnox,BLACKBEARD
TestierGraph,BLACKBEARD
Philias.,BLACKBEARD
Desmer.,MONTAGNE
ShadowReach8837,MONTAGNE
Montagne_R6s_,MONTAGNE
MRcredo7,MONTAGNE
Sinful Clash,MONTAGNE
ii30RY,FUZE
SOG GUMBALL,FUZE
kill_th-Devil,FUZE
sealsniper001,FUZE
SIR GQSMOOVE,FUZE
POKRAK_77,FUZE
TAC0V1K1NG,FUZE
TiM-_-CliO,FUZE
Mickellini,FUZE
faff_6500,FUZE
Flip Albatroz7,FUZE
heIpsy,FUZE
attila penge,FUZE
Noobasina,FUZE
turko119,FUZE
VillainInBlue,FUZE
Agente_Bonder,FUZE
X Goblin7,FUZE
SantaKJIAYC,FUZE
ICONA POP 420,FUZE
pasucu68,FUZE
Maximum.Hits,FUZE
wakemann77,FUZE
TheMechanic911,FUZE
MTO-Terminator,FUZE
SpookyKoolaidz,GLAZ
MR BUNGLE 1991,GLAZ
AquaMocha805249,GLAZ
F-Y-Y-F-F,GLAZ
PIMMELPOLIZEI,GLAZ
CR7BaiYe,GLAZ
QKapwn,GLAZ
gup_mako_,FBI SWAT
Spanishcow,FBI SWAT
tqguuuu-nikukai,FBI SWAT
nicopyon25,FBI SWAT
DOUWATlKU,FBI SWAT
ReesesAreGoodOMG,FBI SWAT
USAVICH_GAMETIME,FBI SWAT
ccdoc7556,CASTLE
Arikaras72,CASTLE
InternaIPrimates,CASTLE
tyswagger100,CASTLE
ICONA POP 420,ORYX
kill_th-Devil,CLASH
TestierGraph,CLASH
Sinful Clash,CLASH
berbthechick,WARDEN
GOWPIE,NOMAD
Hidenori_Saitou,KALI
JohnThysen,KALI
John_W1cK_,AMARU
Qoaa KiX,AMARU
Flip Albatroz7,TACHANKA
heIpsy,CAPITÃO
DeleteShift,CAPITÃO
pNd.,CAPITÃO
MajesticLW,MAVERICK
DonzokoNoRyu,ALIBI
ZootvonKlaus,DOKKAEBI
Alderon_,DOKKAEBI
Misimoi,THUNDERBIRD
Fenosrov,MOZZIE
DonzokoNoRyu,MOZZIE
RepIjcator,IANA
itsWobble,MELUSI
DOUWATlKU,LION
kakkymedtech,MAESTRO
Apple.26,MAESTRO
stilscratchin,MACKAY
daroadaszi,MACKAY
Koupe2Cheveux,MACKAY
LastTourist,MACKAY
JohnTrabutta,MACKAY
Rudeb0yRonin,MACKAY
daroadaszi,LIS
LastTourist,LIS
stilscratchin,FALCK
daroadaszi,FALCK
JohnTrabutta,FALCK
Koupe2Cheveux,SUNDANCE
BadBoys-Admin,SUNDANCE
JohnTrabutta,SUNDANCE
Rudeb0yRonin,SUNDANCE
BadBoys-Admin,CRAWFORD
xWORF5x,CRAWFORD
stilscratchin,ANGEL
BadBoys-Admin,ANGEL
xWORF5x,ANGEL
Rudeb0yRonin,ANGEL
Koupe2Cheveux,BORIS
LastTourist,BORIS
xWORF5x,BORIS
